moment,android,ios
mean,1.1060479004096326,1.2224714459765045
var,0.03214382158162754,0.33052748759656053
