moment,android,ios
mean,1.045876918892658,1.082400889805123
var,7.263104391188765e-05,0.008557073189906748
